<?xml version="1.0" encoding="utf-8"?>
<resources>
    <color name="colorPrimary">#3F51B5</color>
    <color name="colorPrimaryDark">#303F9F</color>
    <color name="colorAccent">#FF4081</color>
    <color name="multiple_image_select_imageSelectBackground">#000000</color>
    <color name="marker">#057522</color>
    <color name="edithint">#7f7f7f</color>
    <color name="status">#133a71</color>
    <color name="white">#ccfcfcfc</color>
    <color name="rell">#eaeaea</color>
    <color name="blue">#1b52ac</color>
    <color name="drgreen">#84FF126E</color>
    <color name="drondd">#078e2a</color>
    <color name="sliding">#2f2f2f</color>
    <color name="Transparency">#00000000</color>
</resources>
