<resources>

    <!-- Base application theme. -->
    <style name="AppTheme" parent="Theme.AppCompat.Light.DarkActionBar">
        <!-- Customize your theme here. -->
        <item name="colorPrimary">@color/Transparency</item>
        <item name="colorPrimaryDark">@color/Transparency</item>
        <item name="colorAccent">@color/Transparency</item>
    </style>

    <style name="AppTheme_setting" parent="Theme.AppCompat.Light.DarkActionBar">
        <!-- Customize your theme here. -->
        <item name="colorPrimary">#2c78c3</item>
        <item name="colorPrimaryDark">#2c78c3</item>
        <item name="colorAccent">#2c78c3</item>
    </style>

    <style name="StarRatingBar" parent="@android:style/Widget.RatingBar">
        <item name="android:progressDrawable">@drawable/star_rating</item>
        <item name="android:minHeight">10dp</item>
        <item name="android:maxHeight">10dp</item>
    </style>

    <style name="StarRatingBar2" parent="@android:style/Widget.RatingBar">
        <item name="android:progressDrawable">@drawable/star_rating2</item>
        <item name="android:minHeight">33dp</item>
        <item name="android:maxHeight">33dp</item>
    </style>

    <style name="StarRatingBar3" parent="@android:style/Widget.RatingBar">
        <item name="android:progressDrawable">@drawable/star_rating</item>
        <item name="android:minHeight">15dp</item>
        <item name="android:maxHeight">15dp</item>
    </style>

    <style name="textt" parent="@android:style/TextAppearance.Medium">
        <item name="android:textSize">21sp</item>
        <item name="android:textColor">@color/white</item>
    </style>
    <style name="ActionBar" parent="ThemeOverlay.AppCompat.ActionBar">
        <item name="android:displayOptions">homeAsUp</item>
    </style>
</resources>
