<?xml version="1.0" encoding="utf-8"?>
<resources>

    <style name="AppTheme" parent="Theme.AppCompat.Light.NoActionBar">
        <item name="android:windowDrawsSystemBarBackgrounds">true</item>
        <item name="android:statusBarColor">@android:color/transparent</item>
        <item name="android:windowTranslucentStatus">true</item>
        <item name="windowActionBar">false</item>
    </style>

    <style name="AppTheme.NoActionBar">
        <item name="windowActionBar">false</item>
        <item name="windowNoTitle">true</item>
        <item name="android:windowDrawsSystemBarBackgrounds">true</item>
        <item name="android:statusBarColor">@android:color/transparent</item>
    </style>

    <style name="AppTheme.ActionBar.Transparent" parent="AppTheme">
        <item name="colorPrimary">@android:color/transparent</item>
        <item name="android:windowTranslucentStatus">true</item>
    </style>
</resources>